feature,importance
color_intensity,0.18537353969176404
flavanoids,0.16101323034918352
proline,0.15283791509514727
alcohol,0.1211648436446528
hue,0.09980850368147923
od280/od315_of_diluted_wines,0.09479737822057718
total_phenols,0.04146630591387775
magnesium,0.036449929869248957
malic_acid,0.034496263186221246
alcalinity_of_ash,0.024610630198688366
proanthocyanins,0.02243848813601964
ash,0.01766267651103236
nonflavanoid_phenols,0.007880295502107735
